南鳥島	lat=24.2867	lon=153.9807	zone=56	band=R	中央子午線=153E
与那国町	lat=24.4680	lon=123.0046	zone=51	band=R	中央子午線=123E
沖ノ鳥島	lat=20.4256	lon=136.0811	zone=53	band=Q	中央子午線=135E
宗谷岬	lat=45.5228	lon=141.9366	zone=54	band=T	中央子午線=141E
択捉島	lat=45.0828	lon=147.7885	zone=55	band=T	中央子午線=147E
富士山	lat=35.3628	lon=138.7308	zone=54	band=S	中央子午線=141E
那須岳	lat=37.1247	lon=139.9631	zone=54	band=S	中央子午線=141E
光岳	lat=35.3382	lon=138.0838	zone=54	band=S	中央子午線=141E
笈ヶ岳	lat=36.2985	lon=136.7923	zone=53	band=S	中央子午線=135E
八甲田山大岳	lat=40.6589	lon=140.8773	zone=54	band=T	中央子午線=141E
